{
  "IcoMoonType": "selection",
  "icons": [
    {
      "icon": {
        "paths": [
          "M192 128l640 384-640 384z"
        ],
        "tags": [
          "play",
          "player"
        ],
        "defaultCode": 59932,
        "grid": 16,
        "attrs": []
      },
      "attrs": [],
      "properties": {
        "ligatures": "play3, player8",
        "name": "play3",
        "order": 9,
        "id": 285,
        "prevSize": 32,
        "code": 59932
      },
      "setIdx": 0,
      "setId": 1,
      "iconIdx": 284
    },
    {
      "icon": {
        "paths": [
          "M128 128h320v768h-320zM576 128h320v768h-320z"
        ],
        "tags": [
          "pause",
          "player"
        ],
        "defaultCode": 59933,
        "grid": 16,
        "attrs": []
      },
      "attrs": [],
      "properties": {
        "ligatures": "pause2, player9",
        "name": "pause2",
        "order": 10,
        "id": 286,
        "prevSize": 32,
        "code": 59933
      },
      "setIdx": 0,
      "setId": 1,
      "iconIdx": 285
    },
    {
      "icon": {
        "paths": [
          "M512 0c-282.77 0-512 229.23-512 512s229.23 512 512 512 512-229.23 512-512-229.23-512-512-512zM512 928c-229.75 0-416-186.25-416-416s186.25-416 416-416 416 186.25 416 416-186.25 416-416 416z",
          "M354.744 706.744l90.512 90.512 285.254-285.256-285.256-285.254-90.508 90.508 194.744 194.746z"
        ],
        "tags": [
          "circle-right",
          "right",
          "circle-next",
          "arrow"
        ],
        "defaultCode": 59970,
        "grid": 16,
        "attrs": []
      },
      "attrs": [],
      "properties": {
        "ligatures": "circle-right, right5",
        "name": "circle-right",
        "order": 11,
        "id": 323,
        "prevSize": 32,
        "code": 59970
      },
      "setIdx": 0,
      "setId": 1,
      "iconIdx": 322
    },
    {
      "icon": {
        "paths": [
          "M512 1024c282.77 0 512-229.23 512-512s-229.23-512-512-512-512 229.23-512 512 229.23 512 512 512zM512 96c229.75 0 416 186.25 416 416s-186.25 416-416 416-416-186.25-416-416 186.25-416 416-416z",
          "M669.256 317.256l-90.512-90.512-285.254 285.256 285.256 285.254 90.508-90.508-194.744-194.746z"
        ],
        "tags": [
          "circle-left",
          "left",
          "circle-previous",
          "arrow"
        ],
        "defaultCode": 59972,
        "grid": 16,
        "attrs": []
      },
      "attrs": [],
      "properties": {
        "ligatures": "circle-left, left5",
        "name": "circle-left",
        "order": 12,
        "id": 325,
        "prevSize": 32,
        "code": 59972
      },
      "setIdx": 0,
      "setId": 1,
      "iconIdx": 324
    }
  ],
  "height": 1024,
  "metadata": {
    "name": "icomoon"
  },
  "preferences": {
    "showGlyphs": true,
    "showQuickUse": true,
    "showQuickUse2": true,
    "showSVGs": true,
    "fontPref": {
      "prefix": "icon-",
      "metadata": {
        "fontFamily": "icomoon"
      },
      "metrics": {
        "emSize": 1024,
        "baseline": 6.25,
        "whitespace": 50
      },
      "embed": false
    },
    "imagePref": {
      "prefix": "icon-",
      "png": true,
      "useClassSelector": true,
      "color": 0,
      "bgColor": 16777215,
      "classSelector": ".icon"
    },
    "historySize": 100,
    "showCodes": true,
    "gridSize": 16
  }
}